{"cameraMode":{"drawMode":0,"name":"Shaded","section":"Shading Mode"},"sceneLighting":false,"audioPlay":false,"sceneViewState":{"showFog":true,"showMaterialUpdate":false,"showSkybox":true,"showFlares":true,"showImageEffects":true,"showParticleSystems":true},"in2DMode":false,"pivot":{"x":-14.236739158630371,"y":12.192380905151368,"z":23.870494842529298},"rotation":{"x":0.1545742154121399,"y":0.8425609469413757,"z":-0.32466942071914675,"w":0.40109145641326907},"size":4.041658401489258,"orthographic":false}